{"@context":["https://www.w3.org/ns/activitystreams","https://w3id.org/security/v1",{"manuallyApprovesFollowers":"as:manuallyApprovesFollowers","toot":"http://joinmastodon.org/ns#","featured":{"@id":"toot:featured","@type":"@id"},"featuredTags":{"@id":"toot:featuredTags","@type":"@id"},"alsoKnownAs":{"@id":"as:alsoKnownAs","@type":"@id"},"movedTo":{"@id":"as:movedTo","@type":"@id"},"schema":"http://schema.org#","PropertyValue":"schema:PropertyValue","value":"schema:value","discoverable":"toot:discoverable","Device":"toot:Device","Ed25519Signature":"toot:Ed25519Signature","Ed25519Key":"toot:Ed25519Key","Curve25519Key":"toot:Curve25519Key","EncryptedMessage":"toot:EncryptedMessage","publicKeyBase64":"toot:publicKeyBase64","deviceId":"toot:deviceId","claim":{"@type":"@id","@id":"toot:claim"},"fingerprintKey":{"@type":"@id","@id":"toot:fingerprintKey"},"identityKey":{"@type":"@id","@id":"toot:identityKey"},"devices":{"@type":"@id","@id":"toot:devices"},"messageFranking":"toot:messageFranking","messageType":"toot:messageType","cipherText":"toot:cipherText","suspended":"toot:suspended","memorial":"toot:memorial","indexable":"toot:indexable","attributionDomains":{"@id":"toot:attributionDomains","@type":"@id"}}],"id":"https://mastodon.social/users/Kayau4271","type":"Person","following":"https://mastodon.social/users/Kayau4271/following","followers":"https://mastodon.social/users/Kayau4271/followers","inbox":"https://mastodon.social/users/Kayau4271/inbox","outbox":"outbox.json","featured":"https://mastodon.social/users/Kayau4271/collections/featured","featuredTags":"https://mastodon.social/users/Kayau4271/collections/tags","preferredUsername":"Kayau4271","name":"Kayau4271","summary":"","url":"https://mastodon.social/@Kayau4271","manuallyApprovesFollowers":false,"discoverable":false,"indexable":false,"published":"2024-09-12T00:00:00Z","memorial":false,"devices":"https://mastodon.social/users/Kayau4271/collections/devices","publicKey":{"id":"https://mastodon.social/users/Kayau4271#main-key","owner":"https://mastodon.social/users/Kayau4271","publicKeyPem":"-----BEGIN PUBLIC KEY-----\nMIIBIjANBgkqhkiG9w0BAQEFAAOCAQ8AMIIBCgKCAQEApBiZjhCmB/Em7fsSk1Og\nGjzSDWtseAF1YgO6gGXbnXHInYSZfKMSWbRp+9BhZJ8Sc+Zyc406vSds7YUnTJjt\nPvi0KZc5SKaKXQMFNv26bn3CGf8zAUrcVtCBhIkMKFhbkcIPbSWHa2liJl5rNLU5\nkDptMLnDWg9mqXhhdPPefYJ8PJzSTA4XiaSRxcDZytysQMguOcQ/SHRDwfXD6mg6\nZGtdlJdJrmyATL/01HsBhXhlP4JDbZCmKFWIPu8+wbIVgGEsjUz2rNDaml/LLGJF\nH9gwWDa3RL7mdG7lPYWEHl/4yO0M1yVbZ/2pc4Gvm3kzSsY35y3jzqrse+9S2EoH\nNQIDAQAB\n-----END PUBLIC KEY-----\n"},"tag":[],"attachment":[],"endpoints":{"sharedInbox":"https://mastodon.social/inbox"},"likes":"likes.json","bookmarks":"bookmarks.json"}